<?xml version="1.0" encoding="UTF-8"?>
<!-- See https://www.freedesktop.org/software/appstream/docs/chap-Quickstart.html -->
<component type="desktop-application">
  <id>cc.osepp.oseppblock.desktop</id>
  <metadata_license>CC-BY-SA-3.0</metadata_license>
  <project_license>LGPL-2.1</project_license>
  <developer_name>OSEPP</developer_name>

  <name>oseppBlock IDE</name>
  <summary>Open-source electronics prototyping platform</summary>

  <description>
    <p>
      open-source electronics prototyping platform.
    </p>
    <p>
    Learn to code with our easy to use drag and drop interface
    </p>
  </description>

  <screenshots>
    <screenshot type="default">
      <image>https://raw.githubusercontent.com/DIYOSEPP/oseppBlock/master/screen.PNG</image>
      <caption>Learn to code with our easy to use drag and drop interface</caption>
    </screenshot>
  </screenshots>

  <content_rating type="oars-1.1" />


  <url type="homepage">https://osepp.com/</url>
  <url type="help">https://osepp.com/oseppblock-ide</url>
  <url type="bugtracker">https://github.com/DIYOSEPP/oseppBlock/issues</url>

</component>
